"grappe","vague","coordonnes_gps__Latitude","coordonnes_gps__Longitude","coordonnes_gps__Accuracy","coordonnes_gps__Altitude","coordonnes_gps__Timestamp"
772,2,9.60353006143123,-3.11075426638126,4,351,"2019-05-17T07:34:49"
178,2,7.7380756,-5.3876577,16,319,"2019-04-29T10:41:29"
42,2,5.3857190022245,-3.99475562386215,6,113,"2019-07-19T15:03:58"
410,2,7.16972935013473,-4.40419256687164,20,156,"2019-05-04T15:47:12"
482,2,5.41444868780673,-3.02982774563134,6,141,"2019-05-15T08:03:40"
4,2,5.44924599118531,-4.0544352773577,19,144,"2019-05-09T14:52:13"
16,2,5.44019445776939,-4.05700433067977,36,147,"2019-05-14T10:22:13"
826,2,5.12964586727321,-5.85390365682542,5,81,"2019-05-03T08:47:23"
586,2,5.76699933037162,-4.80991624295712,6,50,"2019-05-10T15:32:24"
434,2,6.95720829069614,-5.90963769704103,9,207,"2019-06-07T10:32:15"
378,2,4.37138416338712,-7.45909536257386,7,43,"2019-05-06T08:02:40"
186,2,7.6729562273249,-5.055782943964,2,391,"2019-05-08T20:30:42"
990,2,6.16823089309037,-6.8740775808692,4,220,"2019-04-25T13:27:37"
404,2,9.13686508778483,-6.90511006861925,5,454,"2019-05-10T14:24:07"
1036,2,9.9263339,-5.1676995,20,360,"2019-05-16T22:01:24"
724,2,7.21900132019073,-5.23747662082314,24,215,"2019-04-17T07:07:20"
742,2,8.62824026495218,-6.12878364510834,7,425,"2019-04-17T11:36:29"
82,2,5.35493306815624,-3.88977438211441,9,57,"2019-04-28T09:38:01"
810,2,5.16218638513237,-5.58531587943435,17,34,"2019-04-29T07:32:30"
746,2,7.79079870320857,-5.83776840940118,10,322,"2019-05-05T14:59:30"
84,2,5.31589649152011,-4.25608878023922,20,44,"2019-05-04T12:39:03"
80,2,5.49721809569746,-4.0504028275609,7,116,"2019-04-15T16:19:57"
450,2,6.6510152,-5.6056416,19,274,"2019-04-11T16:00:25"
504,2,8.70057126972824,-6.61973434500396,7,386,"2019-04-05T08:16:03"
664,2,6.5808925,-8.4183641,29,252,"2019-04-28T11:46:52"
458,2,,,,,"##N/A##"
508,2,8.81941793952137,-6.74517254345119,4,435,"2019-05-10T16:17:45"
862,2,7.00800061225891,-7.40644888021052,28,316,"2019-05-05T16:46:38"
956,2,6.1172228,-3.8637052,17,142,"2019-06-30T13:25:20"
26,2,5.34560610540211,-4.07466885633767,5,75,"2019-04-30T13:57:37"
1060,2,6.67270344682038,-3.96847492083907,21,142,"2019-06-30T11:59:00"
744,2,7.84865604713559,-6.10449154861271,3,373,"2019-05-17T22:19:31"
276,2,7.2675377,-7.7805334,25,467,"2019-04-30T11:25:31"
694,2,10.1962586073205,-6.53181471861899,8,384,"2019-05-09T09:44:43"
456,2,6.6130478,-5.9788024,19,282,"2019-05-10T17:59:03"
880,2,6.74873694777489,-7.37184637226164,31,274,"2019-05-15T08:20:38"
1064,2,6.96709985844791,-4.01066699065268,21,230,"2019-04-17T11:05:55"
608,2,6.12086915876716,-5.93843355774879,16,209,"2019-05-09T09:01:54"
936,2,7.34357,-3.5756518,19,199,"2019-05-04T09:12:51"
574,2,5.86355621460825,-4.37658358365297,5,82,"2019-05-16T18:24:05"
588,2,6.24919320456684,-4.54398586414754,8,162,"2019-05-04T18:18:10"
1032,2,9.58486737683415,-5.21002320572734,50,364,"2019-05-13T06:56:52"
584,2,6.22897060588002,-5.22303812205791,7,192,"2019-05-01T08:04:29"
668,2,8.5406076,-7.4451635,37,491,"2019-05-06T10:41:02"
662,2,6.3980672,-8.3739022,24,309,"2019-05-02T17:22:50"
638,2,6.8231334,-7.9939932,21,317,"2019-05-15T09:31:07"
888,2,6.97031524032354,-7.36996077932417,29,335,"2019-05-09T08:05:25"
938,2,7.28903216309845,-4.1662719938904,46,225,"2019-05-18T20:21:02"
708,2,10.3918313747272,-6.43631030805409,8,376,"2019-05-03T08:22:50"
524,2,8.1268805405125,-6.94299979135394,5,364,"2019-05-16T15:28:51"
112,2,6.4234504988417,-6.68909274972975,4,243,"2019-05-16T16:19:41"
158,2,9.68139094300568,-5.50845617428422,32,410,"2019-05-03T08:01:31"
318,2,9.59190612193197,-3.83447284810245,3,304,"2019-04-28T16:05:33"
14,2,5.25515309069306,-3.96993345580995,20,33,"2019-04-28T15:50:33"
610,2,6.13044678233564,-5.9661427885294,9,252,"2019-05-03T16:44:15"
940,2,7.4405289,-3.5502807,16,193,"2019-05-11T07:04:03"
72,2,5.42003061622381,-4.00638492777944,10,136,"2019-05-03T08:57:53"
748,2,7.8502472,-5.9360574,48,275,"2019-05-07T12:03:58"
1034,2,9.5967686,-5.2516804,27,357,"2019-04-28T10:23:38"
1030,2,9.5902335,-5.1885604,18,370,"2019-05-09T11:15:30"
116,2,6.35574919637293,-6.55518438667059,8,224,"2019-05-09T07:44:18"
640,2,6.61836532875896,-8.15113705582917,10,317,"2019-05-11T09:21:02"
670,2,9.03513849712908,-7.8295339923352,5,541,"2019-04-15T16:56:06"
866,2,7.05228430218995,-7.38988037221134,8,340,"2019-04-29T15:38:35"
416,2,7.07355346530676,-4.28007317706943,7,153,"2019-05-10T08:06:42"
68,2,5.40590363088995,-4.01326932013035,5,135,"2019-04-29T10:33:27"
106,2,6.59938832279295,-6.85688713565469,35,279,"2019-04-27T10:57:06"
412,2,6.90181593876332,-4.47021313011646,18,143,"2019-05-15T18:06:30"
306,2,6.80404501967132,-5.27011591941118,7,256,"2019-05-10T20:46:59"
382,2,4.92039655800909,-7.49532521702349,6,85,"2019-04-14T17:59:27"
102,2,6.92059869412333,-6.52749954722822,5,273,"2019-05-14T09:35:24"
384,2,4.75197139196098,-7.5046566221863,6,93,"2019-04-27T07:32:17"
190,2,7.70514633972198,-5.04828499630094,4,401,"2019-05-04T18:16:57"
184,2,7.67734059132636,-5.01272485591471,11,367,"2019-05-06T08:48:14"
64,2,5.42540488298982,-4.00776802562177,10,124,"2019-05-12T16:50:35"
96,2,6.87688040547073,-6.44331355579197,6,289,"2019-04-16T17:04:55"
322,2,7.9458994,-3.0058603,38,312,"2019-05-04T19:05:38"
730,2,6.43183458130807,-4.81849579140544,5,150,"2019-04-28T13:36:37"
8,2,5.27788208797574,-3.99285930208862,4,26,"2019-05-10T15:24:53"
954,2,6.11302813980728,-3.85519458912313,18,143,"2019-05-12T14:02:40"
380,2,4.9259145,-7.4923644,14,66,"2019-04-12T14:24:08"
182,2,7.73384526371956,-5.26274126954377,6,325,"2019-04-28T15:55:10"
602,2,5.82988036796451,-5.98632163368165,8,232,"2019-05-17T20:29:42"
100,2,6.72662586439401,-6.24813918024302,4,283,"2019-05-03T17:40:58"
736,2,6.51226355228573,-4.8623432032764,3,162,"2019-05-02T07:42:45"
174,2,7.6690734,-5.5986098,18,255,"2019-05-10T07:25:27"
806,2,10.3175233304501,-7.40361822769046,6,401,"2019-05-16T08:50:49"
934,2,7.0508887,-3.8343908,20,197,"2019-04-28T11:13:31"
710,2,10.5330762080848,-6.57810419797897,37,418,"2019-04-28T08:15:02"
918,2,8.1276619,-5.1036026,19,334,"2019-05-16T20:45:11"
312,2,6.89418098889291,-5.29555541463196,14,279,"2019-05-17T15:33:50"
926,2,9.06507857143879,-5.1657899748534,6,427,"2019-04-26T15:54:26"
800,2,9.9950498,-7.8362303,16,439,"2019-05-06T16:02:55"
962,2,5.9470764733851,-3.83947307243943,4,91,"2019-05-15T10:57:27"
360,2,5.06472065113485,-6.46375617943704,42,117,"2019-05-09T20:45:15"
802,2,10.0724502,-7.6811791,22,419,"2019-05-09T08:28:20"
94,2,6.86529938131571,-6.44629416055977,16,275,"2019-04-14T10:08:40"
108,2,6.49801041930914,-6.58643882721663,7,262,"2019-05-11T11:31:33"
978,2,5.82622020039707,-3.61602963879704,6,106,"2019-05-09T19:11:31"
854,2,5.2860387,-4.9248648,14,81,"2019-05-15T16:00:30"
320,2,8.0389506,-2.7972019,23,382,"2019-04-28T13:02:08"
452,2,6.5891257,-6.121633,32,281,"2019-04-16T18:26:01"
328,2,8.1053737,-3.0381198,39,401,"2019-05-11T14:39:02"
846,2,5.5061704,-4.8588271,16,46,"2019-05-04T08:20:50"
340,2,8.1031109,-3.8818524,20,256,"2019-05-15T16:39:39"
922,2,9.25218616146594,-5.32468956895173,4,387,"2019-05-02T20:09:20"
804,2,10.2744806,-7.7426606,24,395,"2019-04-30T08:24:20"
844,2,5.3202876,-4.5675254,26,80,"2019-04-28T16:14:01"
350,2,5.1177658,-6.8731959,16,125,"2019-05-04T18:00:21"
362,2,4.70887135248631,-7.25915688090026,25,179,"2019-05-10T08:52:30"
848,2,5.3677531,-4.7919879,19,59,"2019-05-10T09:56:33"
996,2,5.7956353481859,-6.67969864793122,7,189,"2019-05-14T17:49:04"
704,2,10.3015856863931,-6.25035895965993,19,363,"2019-04-15T07:39:31"
1026,2,5.7332767,-6.6273942,16,179,"2019-04-26T08:50:11"
104,2,7.06048528198153,-6.71567277051508,40,261,"2019-05-19T08:31:50"
614,2,6.0004241,-6.2245279,16,257,"2019-05-17T12:56:50"
146,2,9.4868074497208,-5.65063110552728,3,420,"2019-05-15T10:00:15"
20,2,5.43230138719082,-4.04569513164461,23,133,"2019-05-06T10:32:08"
548,2,5.27968151494861,-5.34785991534591,24,43,"2019-04-26T17:35:55"
1068,2,6.751172,-4.1112748,15,176,"2019-05-01T16:28:49"
1066,2,6.91028870176524,-4.05432522296906,24,282,"2019-05-17T07:49:44"
290,2,6.92132607568055,-5.13411920517683,5,233,"2019-04-28T16:17:39"
262,2,7.2234391188249,-8.0212370865047,7,411,"2019-05-07T07:34:26"
136,2,9.06572988722473,-5.76830741018057,10,429,"2019-05-15T09:06:26"
260,2,7.45390876661986,-8.2069340441376,7,397,"2019-05-19T08:17:41"
776,2,9.68455360271037,-3.48332466557622,2,392,"2019-05-05T12:16:56"
478,2,5.6645416,-3.0787057,34,139,"2019-05-02T16:58:46"
774,2,9.75371545180678,-3.40413386933506,24,365,"2019-05-11T08:52:19"
924,2,8.62262191716582,-5.38512401282787,3,415,"2019-04-10T08:28:27"
86,2,7.13955164887011,-6.3156153447926,3,315,"2019-04-28T19:55:31"
894,2,7.67601423896849,-7.08381065167487,4,282,"2019-05-02T09:28:12"
172,2,9.63130592834204,-5.46898419968784,26,361,"2019-04-27T08:02:34"
958,2,6.22087393887341,-3.77024844288826,3,143,"2019-04-27T11:37:45"
700,2,10.1320125767961,-6.37619613669813,4,378,"2019-05-16T08:51:07"
234,2,7.12126267142594,-3.20113314315677,18,259,"2019-05-03T17:45:32"
814,2,5.24280361365527,-6.06983028352261,6,91,"2019-05-17T09:04:08"
144,2,9.46140521205962,-5.6452701240778,3,405,"2019-05-09T08:49:44"
162,2,9.27680955268443,-6.10198267735541,30,381,"2019-05-09T08:41:50"
596,2,6.46414220798761,-5.99866256117821,20,259,"2019-05-03T10:09:43"
550,2,5.25711676105857,-5.17558003775775,10,84,"2019-05-03T17:49:52"
480,2,6.1092181,-3.2082155,47,167,"2019-05-08T16:08:33"
672,2,8.0452707,-7.8988665,16,494,"2019-05-09T12:01:40"
626,2,6.47678588982671,-5.70336693897843,19,274,"2019-04-04T08:30:13"
966,2,6.28629289101809,-3.98016348481178,4,131,"2019-04-04T09:55:48"
828,2,5.47848470974714,-5.83806135691702,6,223,"2019-05-10T09:07:54"
892,2,7.47357434593141,-7.34811368398368,6,304,"2019-04-26T09:55:58"
528,2,5.83879401907325,-5.35145516507328,29,138,"2019-04-27T11:21:53"
836,2,5.3350141,-4.3837141,19,33,"2019-04-05T17:40:00"
396,2,9.50572381261736,-7.57804638706148,5,454,"2019-04-09T19:50:13"
622,2,6.42753407824785,-5.78291178680956,20,294,"2019-05-09T09:35:07"
476,2,5.35600180272013,-3.34797176532447,38,74,"2019-04-27T16:14:25"
274,2,7.4121585,-7.5915814,20,481,"2019-04-05T17:51:56"
398,2,9.5077879820019,-7.56874549202621,4,447,"2019-04-07T20:51:58"
722,2,7.1551655,-5.227307,25,197,"2019-05-14T09:16:06"
606,2,6.13527903333306,-5.97053993493319,5,254,"2019-05-05T16:38:08"
726,2,7.0121401,-4.8991235,29,204,"2019-04-04T18:35:01"
1028,2,5.9402609,-6.5992763,24,206,"2019-04-04T18:10:19"
194,2,7.72873821202666,-5.03608245402575,6,356,"2019-05-05T19:37:58"
432,2,6.99908008798957,-6.09386103227735,13,264,"2019-04-03T08:11:27"
264,2,7.09350889082998,-7.98818053677678,10,338,"2019-05-09T11:42:39"
564,2,5.94770561903715,-4.22405356541276,6,78,"2019-04-09T09:43:32"
44,2,5.387811,-3.986553,14,112,"2019-07-05T14:09:56"
192,2,7.71760511677712,-5.02201854251325,6,366,"2019-05-04T16:19:26"
790,2,9.7357601,-7.4823846,34,416,"2019-04-02T08:49:39"
448,2,6.7276298,-5.5055952,24,235,"2019-04-05T08:41:38"
720,2,7.0221854,-5.0465854,14,228,"2019-04-08T10:31:57"
604,2,6.1322681,-5.951189,29,209,"2019-04-04T16:28:50"
232,2,6.47951650433242,-3.34444499574602,38,177,"2019-04-28T16:14:07"
634,2,6.36197963263839,-5.71245753206313,20,313,"2019-04-10T09:08:51"
470,2,5.47075504437089,-3.18295313045382,47,60,"2019-04-04T09:47:07"
792,2,9.9784358,-7.5698113,34,378,"2019-04-09T08:58:01"
406,2,9.44383171387017,-7.11678857915103,4,509,"2019-05-16T21:03:15"
562,2,5.92609527055174,-4.20838016085327,8,90,"2019-04-10T09:11:59"
838,2,5.3182655,-4.3812232,22,41,"2019-04-09T17:15:09"
474,2,5.40954879485071,-3.38085263036191,12,97,"2019-04-15T11:27:38"
968,2,6.43560823984444,-3.86987423524261,6,179,"2019-04-11T07:42:25"
280,2,7.7482952,-7.8919544,46,551,"2019-04-11T13:55:09"
12,2,5.3108449280262,-4.07724411226809,31,53,"2019-04-17T13:05:26"
400,2,9.42096416372806,-7.58418437093496,9,467,"2019-04-14T08:51:22"
386,2,5.51875250414014,-7.32897645793855,8,170,"2019-04-06T17:08:40"
590,2,5.8376085665077,-4.73132215440273,6,90,"2019-04-11T15:05:24"
472,2,5.60844955500215,-3.33602394908667,8,132,"2019-04-09T18:15:22"
928,2,8.76689634751529,-5.6864245980978,5,353,"2019-04-14T16:58:30"
252,2,7.66226070933044,-7.85167546011508,44,564,"2019-04-13T14:01:00"
914,2,8.13553120940924,-5.26135867461562,4,291,"2019-04-04T20:11:35"
544,2,5.5802021,-5.3642042,25,74,"2019-04-11T17:32:56"
812,2,5.46469953842461,-5.58750280179083,8,173,"2019-04-10T09:08:29"
506,2,8.45675863791257,-6.65107721462846,4,411,"2019-04-15T15:19:37"
1038,2,8.8791286,-4.1356886,23,298,"2019-04-06T07:48:01"
542,2,6.0753214,-5.1829704,26,193,"2019-04-04T17:05:33"
986,2,6.30933868233114,-6.96011731401086,18,259,"2019-04-12T09:12:47"
414,2,7.14041946921498,-4.50319038704038,6,134,"2019-04-17T08:06:28"
592,2,5.89344172272831,-4.82910417951643,6,47,"2019-04-16T15:06:09"
546,2,5.52633431274444,-5.30529929324985,8,46,"2019-04-16T08:20:58"
740,2,9.12185121327639,-6.36274460703135,9,401,"2019-04-08T07:32:12"
1024,2,5.7958401,-6.5920213,36,181,"2019-04-17T06:06:51"
428,2,7.36003321129829,-4.58654120564461,12,197,"2019-04-04T07:48:50"
970,2,6.34411959908903,-3.85893953964114,4,157,"2019-04-17T15:30:00"
872,2,7.04558908939362,-7.88605718873441,20,344,"2019-04-04T07:41:22"
1022,2,5.7802319,-6.5958355,25,172,"2019-04-16T17:29:14"
1062,2,6.65229057893157,-4.10183217376471,21,177,"2019-04-10T16:15:03"
870,2,6.90288614016026,-7.5971769914031,27,285,"2019-04-17T08:29:30"
648,2,6.5811513,-7.4091346,27,288,"2019-04-12T15:48:58"
988,2,6.3584107439965,-7.14845323003829,5,244,"2019-04-16T20:35:53"
426,2,7.3469757148996,-4.67099181376398,15,256,"2019-04-10T17:30:45"
840,2,5.3448642,-4.3370776,21,57,"2019-04-16T13:56:46"
1040,2,9.0040935,-4.6846507,16,367,"2019-04-08T15:38:21"
868,2,6.91475847736001,-7.63195702806115,33,277,"2019-04-11T09:14:00"
510,2,8.0475585674867,-6.59056196920574,5,320,"2019-04-10T16:18:58"
808,2,5.38021024782211,-5.51630423404276,8,104,"2019-04-17T10:43:04"
666,2,8.949433285743,-7.61968106031418,5,437,"2019-04-11T08:50:54"
166,2,10.1504348684102,-6.12918991595507,6,382,"2019-04-03T09:28:35"
220,2,6.72609533183277,-3.48743950948119,37,208,"2019-04-03T16:49:19"
1042,2,8.9802041,-4.770522,23,372,"2019-04-15T21:53:00"
226,2,6.37844252865762,-3.34782206453383,24,89,"2019-04-15T16:43:43"
330,2,8.4379489,-2.7198884,18,336,"2019-04-03T08:40:50"
326,2,8.1724073,-2.7085735,21,373,"2019-04-10T16:52:03"
170,2,9.51213236432523,-5.48016272485256,27,388,"2019-04-15T09:00:32"
778,2,8.62117666751146,-3.91450585797429,7,209,"2019-04-14T15:02:14"
780,2,8.51355219259858,-3.42730932869017,4,294,"2019-04-08T11:06:46"
168,2,9.98083854094148,-5.88509925641119,17,374,"2019-04-11T09:22:03"
90,2,6.85817681718618,-6.43351217731833,7,286,"2019-04-05T14:44:40"
292,2,7.00034202542156,-5.48753754235804,4,211,"2019-04-16T18:02:20"
92,2,6.87038543634117,-6.45850080996752,7,319,"2019-04-09T09:09:58"
228,2,6.74697385635227,-3.36821280419827,15,214,"2019-04-10T16:14:32"
624,2,6.32665548473597,-5.5280103161931,15,262,"2019-04-15T16:44:49"
98,2,6.79959259461612,-6.4000594150275,6,281,"2019-04-11T09:00:13"
180,2,7.78795698657632,-5.17208285629749,37,426,"2019-04-10T07:49:09"
282,2,6.70317468233407,-8.35979799740016,20,266,"2019-06-11T16:31:21"
288,2,6.8558105,-8.1505028,30,314,"2019-06-16T08:42:43"
832,2,5.0339117506519,-6.15017032250762,11,27,"2019-06-10T09:00:12"
324,2,8.4831486,-3.1283308,29,454,"2019-06-19T12:26:54"
738,2,8.9524078,-6.2559151,25,411,"2019-06-14T13:47:38"
784,2,9.56613218877465,-3.88686343096197,4,301,"2019-05-31T14:25:55"
538,2,5.91323265340179,-5.37958206608891,5,194,"2019-06-02T17:26:45"
904,2,8.36494100745767,-4.42528956569731,4,269,"2019-06-07T09:35:49"
214,2,7.37463561818004,-5.40308215655386,16,255,"2019-06-12T11:14:04"
210,2,7.5082586,-5.068544,21,290,"2019-05-22T16:00:41"
120,2,6.96979153901339,-6.89628610387444,6,289,"2019-05-24T17:18:52"
950,2,7.6474377,-3.9992772,15,249,"2019-05-28T08:11:01"
1046,2,10.3139219,-5.4471351,20,344,"2019-06-11T09:01:39"
124,2,7.38745385315269,-6.55650906264782,10,324,"2019-06-03T17:34:27"
734,2,6.56578657217324,-5.00765707343817,4,175,"2019-06-05T12:14:58"
24,2,5.25754935108125,-3.96238722838461,4,28,"2019-05-23T10:17:15"
212,2,7.6309272274375,-5.20525985397398,15,335,"2019-06-02T08:10:30"
430,2,6.91876523662359,-6.05705601163208,12,283,"2019-06-02T11:23:17"
756,2,8.5189723,-5.6836747,45,353,"2019-06-13T20:09:19"
758,2,8.46423315815628,-6.19868008419871,15,420,"2019-05-31T15:11:08"
442,2,7.04556,-5.7625951,21,211,"2019-05-24T08:59:19"
646,2,6.54853120911866,-7.50084746629,3,243,"2019-05-23T17:50:07"
1074,2,6.63527644705027,-4.30243156850338,8,196,"2019-06-07T14:42:06"
760,2,8.39815559796989,-6.04577816091478,14,374,"2019-06-07T14:17:25"
652,2,6.64756859187037,-7.70655487664044,9,305,"2019-06-02T17:01:03"
1078,2,6.60805550403893,-4.42890669219196,3,134,"2019-06-12T19:50:31"
754,2,8.03287661634386,-6.08554903417826,5,344,"2019-05-18T12:58:34"
32,2,5.34702704753727,-4.03455348685384,29,74,"2019-06-06T14:29:58"
446,2,6.8017069,-6.0140632,20,321,"2019-05-18T17:16:49"
66,2,5.3295037150383,-4.08626622520387,11,51,"2019-07-05T12:33:28"
864,2,7.159145437181,-7.1845680847764,3,315,"2019-06-03T07:33:25"
952,2,7.7423833,-4.0423443,30,244,"2019-06-12T18:36:41"
512,2,7.7101373,-7.0678319,18,287,"2019-05-28T16:24:19"
876,2,6.75053562037647,-7.362414970994,10,266,"2019-06-16T14:29:59"
496,2,5.215915,-3.7446087,39,48,"2019-08-25T14:20:01"
6,2,5.3189054,-4.0432966,19,29,"2019-06-07T15:46:08"
688,2,9.43310920614749,-6.67374196462333,6,442,"2019-06-08T08:08:15"
52,2,5.40211253799498,-3.98105439729989,23,156,"2019-07-11T10:12:18"
676,2,8.27253865543753,-8.16923232749104,13,561,"2019-05-29T21:02:48"
930,2,7.06470523495227,-3.96115651354194,44,225,"2019-05-21T11:23:15"
932,2,7.05926164984703,-3.96788542158902,39,212,"2019-05-21T11:27:58"
558,2,5.75521475169808,-5.86298720911145,15,231,"2019-05-28T07:22:36"
696,2,9.75886743050069,-6.46490282379091,21,408,"2019-06-03T08:17:14"
1048,2,10.0703353481367,-5.43186619877815,18,356,"2019-06-08T10:52:54"
560,2,6.026766,-5.69281,19,259,"2019-06-02T07:51:01"
674,2,8.18383662030101,-7.90658262558281,5,569,"2019-05-18T17:50:23"
520,2,8.00212027039379,-6.86297608539462,6,320,"2019-06-14T16:12:02"
682,2,8.28563584014773,-7.67326531000435,4,497,"2019-06-09T13:31:54"
128,2,7.127929427661,-6.47481551393867,5,256,"2019-06-03T16:29:25"
898,2,7.40178833249956,-7.21713655628264,5,323,"2019-06-09T07:54:38"
636,2,6.6493947,-7.8897576,16,317,"2019-05-19T17:02:54"
576,2,6.01890556979924,-4.36798006296158,14,120,"2019-05-23T10:59:23"
1076,2,6.5799941,-4.2737942,17,214,"2019-06-02T09:10:45"
130,2,7.37594244070351,-6.46481514908373,16,306,"2019-06-09T11:28:36"
1072,2,6.75001648720354,-4.15971541777253,18,221,"2019-05-26T14:58:27"
578,2,5.71191551629454,-4.41277773119509,13,83,"2019-05-27T11:16:37"
142,2,9.4344459939748,-5.43848899193108,3,376,"2019-06-02T13:58:40"
126,2,7.3867267,-6.4761774,20,342,"2019-06-07T13:58:46"
522,2,8.5124152,-6.9396838,16,417,"2019-05-22T15:53:40"
22,2,5.2816712,-4.0045739,39.5999984741211,0,"2019-06-02T15:07:51"
680,2,8.26711309142411,-7.21817691810429,5,431,"2019-06-10T16:16:58"
138,2,9.30724273435771,-5.78469176776707,5,390,"2019-05-20T09:21:44"
650,2,6.4112821,-7.5475796,18,271,"2019-06-06T17:26:19"
1050,2,10.1942872,-5.634201,21,368,"2019-05-30T21:13:18"
628,2,6.39054100960493,-5.40163074620068,12,205,"2019-06-08T09:41:32"
408,2,6.86941682361066,-4.42030476406217,29,149,"2019-05-19T07:13:27"
36,2,5.36707450635731,-4.00816197507083,10,93,"2019-06-13T15:40:56"
1058,2,10.4003197,-5.6764561,33,373,"2019-05-22T20:02:30"
28,2,5.24957279674709,-3.94413798116148,10,42,"2019-05-26T17:34:02"
536,2,6.18903825525194,-5.29871849343181,4,221,"2019-06-08T16:34:13"
48,2,5.4191048,-3.9881564,44,118,"2019-06-13T10:05:56"
656,2,5.7659030193463,-7.38992496393621,25,168,"2019-06-12T08:43:31"
644,2,6.53587193693966,-7.50927530229092,5,241,"2019-05-23T17:40:39"
266,2,7.10934025235474,-7.55247973836958,3,278,"2019-07-05T07:03:19"
462,2,7.4146959,-5.907904,26,316,"2019-06-09T18:00:26"
484,2,5.79497313592583,-3.14195598475635,28,105,"2019-05-21T11:03:45"
982,2,6.18478439748287,-3.64768926054239,4,155,"2019-06-06T16:43:26"
882,2,6.87521240673959,-7.33240046538413,43,280,"2019-05-23T16:40:18"
268,2,,,,,"##N/A##"
526,2,6.07794069685042,-5.21781560964882,6,206,"2019-05-28T17:10:54"
164,2,9.35785253997892,-5.63715426251292,8,389,"2019-06-19T09:59:47"
600,2,5.90201842132956,-5.90772771276534,16,285,"2019-05-30T08:17:20"
270,2,,,,,"##N/A##"
566,2,5.8274854067713,-4.15035501122475,10,100,"2019-06-15T08:33:07"
620,2,5.90200312435627,-6.21812953613698,10,230,"2019-05-22T07:48:00"
160,2,9.2531673470512,-5.51593232899904,4,372,"2019-05-28T09:44:09"
540,2,5.88066937867552,-5.18943616189063,7,137,"2019-06-05T20:21:33"
460,2,7.5178916,-5.9318017,19,313,"2019-06-14T08:31:41"
140,2,9.46306688245386,-5.50393405370414,7,367,"2019-06-07T17:29:18"
980,2,6.25080994796008,-3.54665304534137,3,180,"2019-05-22T07:52:49"
534,2,5.72779662441462,-5.4323782492429,7,190,"2019-06-02T07:15:14"
444,2,7.2096878523007,-5.69806387647986,8,212,"2019-06-04T08:29:08"
438,2,6.9209877,-5.6086105,15,204,"2019-06-07T17:25:07"
1070,2,6.650724,-4.2066003,19,236,"2019-05-24T17:10:49"
300,2,6.83869044296443,-5.29389286413789,8,250,"2019-05-29T16:45:10"
354,2,4.74769222084433,-6.93357610143721,5,37,"2019-05-19T17:34:21"
296,2,6.82059802114964,-5.25046521797776,3,260,"2019-06-04T17:01:10"
70,2,5.33637205604464,-4.11858391016722,7,67,"2019-07-02T14:46:38"
176,2,7.73799422197044,-5.52599958144128,3,267,"2019-05-30T20:25:36"
364,2,4.75101074203849,-6.93436123430729,13,41,"2019-05-22T18:03:37"
302,2,6.77964173723012,-5.27232756838202,11,232,"2019-05-26T18:28:46"
74,2,5.41931429877877,-3.99250055663288,11,132,"2019-07-01T12:00:34"
198,2,7.6887123612687,-5.04116046242416,6,383,"2019-06-05T16:31:42"
370,2,4.769153,-6.6661871,25,36,"2019-06-26T14:07:08"
314,2,6.6669883,-5.2329134,19,224,"2019-06-12T13:11:52"
714,2,7.45307137258351,-4.98089365661144,10,254,"2019-06-12T17:46:26"
920,2,8.10253597330302,-4.92200860753655,7,233,"2019-05-19T06:55:00"
202,2,7.7089928,-5.0224291,24,357,"2019-06-09T16:05:28"
188,2,7.67065610736609,-5.06994601339102,24,406,"2019-05-29T08:02:54"
294,2,6.82073866948485,-5.27253887616098,5,227,"2019-06-04T12:24:37"
304,2,6.80706061888486,-5.26175622828305,3,236,"2019-06-15T10:29:48"
206,2,7.77278339490294,-5.01128149218857,3,327,"2019-06-12T20:40:45"
718,2,6.41426544170827,-5.15612589195371,3,202,"2019-06-02T09:35:51"
728,2,6.54362716712058,-5.25956897065043,4,231,"2019-06-10T10:19:02"
732,2,6.55538714490831,-5.02935966476798,4,180,"2019-06-05T11:16:37"
358,2,5.25787150952965,-6.53341541066766,8,152,"2019-06-12T17:02:03"
684,2,8.25835966039449,-7.73016409948468,3,562,"2019-06-08T20:47:06"
1008,2,5.66683139652014,-6.6427653003484,10,162,"2019-06-01T09:20:42"
56,2,5.36531941965222,-3.93735274672508,4,100,"2019-07-21T10:44:37"
912,2,8.42317968606949,-4.48366776108742,4,322,"2019-05-31T19:17:26"
420,2,6.657484928146,-4.71744557842612,5,110,"2019-05-25T09:43:52"
702,2,9.89982958417386,-6.68930137529969,4,424,"2019-06-01T12:10:13"
630,2,6.38746983837336,-5.4940240457654,31,206,"2019-06-15T07:34:32"
878,2,6.73760070931166,-7.3538008891046,7,274,"2019-06-17T12:40:26"
272,2,7.40283091552556,-7.54251617006958,22,385,"2019-06-05T19:38:34"
788,2,9.87959860358387,-7.21903103403747,8,461,"2019-05-27T15:29:59"
690,2,9.21804402954876,-6.54323950409889,3,447,"2019-06-13T07:19:09"
998,2,5.7562057,-6.7911858,35,254,"2019-05-22T17:01:01"
1016,2,5.89489828795195,-6.42419476993382,12,184,"2019-05-27T18:32:41"
248,2,7.6404118,-7.6074252,21,599,"2019-06-10T08:23:55"
250,2,7.5984917,-7.2768006,17,300,"2019-06-16T08:06:31"
118,2,7.7083385,-6.3813435,21,354,"2019-06-13T19:00:22"
122,2,7.17478833161294,-6.66766625829041,18,251,"2019-05-29T16:59:23"
352,2,5.2042254852131,-6.70512054115534,9,93,"2019-06-08T10:21:35"
852,2,5.2498536,-4.9960243,31,83,"2019-05-23T16:49:07"
902,2,8.37337760254741,-4.71708063036203,3,383,"2019-05-27T20:41:43"
196,2,7.71072734612972,-5.03163392655551,13,375,"2019-05-27T17:22:04"
58,2,5.46039689797908,-4.01133293285966,5,110,"2019-06-12T08:32:56"
1000,2,5.58354096952826,-6.83148846030235,15,230,"2019-05-26T17:19:24"
856,2,5.1353713,-5.0250695,19,33,"2019-06-13T09:54:30"
850,2,5.1106574,-5.3373276,15,14,"2019-05-27T12:45:19"
18,2,5.3490649,-4.0290744,17,55,"2019-06-06T12:02:02"
906,2,8.29624992795289,-4.32386015541852,5,290,"2019-06-14T07:50:50"
30,2,5.24707750417292,-3.94121102057397,8,24,"2019-06-01T09:27:54"
356,2,5.0240063527599,-6.54981452040374,3,81,"2019-05-28T11:36:22"
218,2,6.72207541298121,-3.49591059610248,4,219,"2019-05-29T16:51:25"
698,2,9.87784175667912,-6.42285358160734,4,424,"2019-05-21T10:40:12"
344,2,7.9230338,-3.2042354,16,276,"2019-05-27T07:45:26"
642,2,6.4687304,-7.8838813,18,265,"2019-05-26T09:47:35"
580,2,5.62557001132518,-4.44193300791085,5,92,"2019-05-22T11:35:28"
236,2,7.14341813698411,-3.20404350757599,20,265,"2019-05-21T15:39:04"
752,2,8.05938203819096,-6.18916746228933,7,361,"2019-05-31T10:06:25"
258,2,7.31215925887227,-8.19875632412732,7,379,"2019-05-29T15:48:07"
960,2,5.91677618678659,-3.93767955712974,4,103,"2019-06-11T06:34:52"
1044,2,10.1060997135937,-5.47140095382929,10,366,"2019-06-05T16:33:01"
916,2,8.14572419039905,-5.09683138690889,15,335,"2019-05-22T15:47:37"
598,2,6.33984952233732,-5.83568081259727,15,278,"2019-06-10T07:33:50"
1018,2,5.76596948783845,-6.51270339265466,8,142,"2019-06-06T07:33:51"
254,2,7.52515846397728,-8.01284805871546,5,672,"2019-05-23T09:01:48"
376,2,4.90905035287142,-6.34902812540531,7,77,"2019-05-31T18:23:50"
256,2,7.26228412706405,-8.16885103471577,6,371,"2019-06-06T15:34:00"
38,2,5.34612687304616,-4.04071636497974,7,15,"2019-06-12T15:35:47"
816,2,5.14228653162718,-6.08621656894684,32,82,"2019-05-24T09:50:38"
1014,2,5.98614959511906,-6.42946514301002,3,241,"2019-05-19T20:28:17"
994,2,5.433503,-6.0272389,38,183,"2019-05-31T08:56:34"
532,2,5.81806121394038,-5.37268602289259,45,232,"2019-06-08T11:46:41"
402,2,9.75443080533296,-7.67900113016367,7,425,"2019-05-23T08:09:17"
374,2,4.7202303,-6.7375121,25,34,"2019-06-09T14:11:30"
786,2,9.9873566,-7.1503882,14,502,"2019-05-20T08:55:42"
874,2,6.88752060290426,-7.19426007941365,42,258,"2019-05-30T11:18:59"
34,2,5.333684,-4.0205518,20,0,"2019-06-01T09:39:24"
486,2,5.2981166,-3.435629,36,154,"2019-05-27T09:02:39"
150,2,9.46095652878284,-5.60973236337304,4,374,"2019-07-01T11:35:26"
900,2,7.26748132612556,-7.37121345475316,4,315,"2019-06-14T10:16:16"
242,2,7.33535818755627,-3.47374012693763,21,201,"2019-05-31T16:30:28"
948,2,7.4700171,-3.9614819,15,261,"2019-05-24T09:03:26"
244,2,6.182184163481,-3.45379798673093,16,126,"2019-06-12T09:42:38"
2,2,5.3374111,-4.0260642,15,67,"2019-06-01T16:21:52"
346,2,7.4067293,-3.0623199,41,270,"2019-06-14T09:27:04"
338,2,7.9608558,-3.8964524,21,220,"2019-05-22T08:32:00"
984,2,6.15059059113264,-3.64348045550287,49,166,"2019-06-02T18:16:03"
348,2,7.4945868,-3.1240577,26,250,"2019-06-10T10:19:25"
764,2,9.27313040010631,-2.99601196311414,8,331,"2019-06-05T11:40:26"
240,2,7.08984314929694,-3.44641797244549,45,211,"2019-06-07T11:37:03"
818,2,5.31039976514876,-6.27187840640545,13,78,"2019-06-14T09:16:08"
492,2,5.2771885,-3.5848474,35,42,"2019-06-13T16:20:50"
766,2,9.36936785001308,-2.75852750055492,3,275,"2019-06-11T19:38:13"
342,2,7.8023965,-3.1709997,20,308,"2019-06-04T22:46:30"
394,2,9.25704142078757,-7.82590496353805,16,495,"2019-05-29T18:11:07"
830,2,4.95721142739058,-6.07856690883636,18,34,"2019-06-03T10:16:23"
216,2,6.73806624021381,-3.49240662530065,19,212,"2019-05-27T09:27:26"
530,2,5.82160160411149,-5.34868402406573,27,160,"2019-06-03T16:26:50"
1020,2,5.55167976301163,-6.2553739361465,32,135,"2019-06-14T09:19:49"
238,2,6.91202735994011,-3.24384002946317,19,253,"2019-05-25T08:45:40"
782,2,,,,,"##N/A##"
834,2,5.03660737071186,-5.99976134486496,44,-22,"2019-05-29T08:38:31"
488,2,5.2105551213026,-3.21562050841749,8,39,"2019-06-02T08:46:49"
490,2,5.3990373,-3.5186265,25,28,"2019-06-07T08:21:50"
896,2,7.22686396446079,-7.21389703452587,4,299,"2019-06-03T09:11:05"
316,2,8.03619136568159,-2.79792278073728,35,373,"2019-06-30T12:57:33"
770,2,9.03196049854159,-3.11639662832022,33,383,"2019-06-25T07:29:24"
824,2,5.20873486530036,-6.35078052990139,6,97,"2019-06-17T07:24:35"
10,2,5.26113391388208,-3.98515457287431,15,31,"2019-06-30T13:38:46"
110,2,6.40424814540893,-6.14370150491595,25,262,"2019-06-23T18:02:33"
156,2,9.52184644527733,-5.7341447006911,9,404,"2019-06-17T11:32:09"
372,2,4.7719854,-6.6739312,48.9000015258789,0,"2019-06-26T15:05:56"
54,2,5.3345505008474,-4.05127630569041,5,69,"2019-07-01T19:28:25"
500,2,5.28172665741295,-2.90985999628901,4,104,"2019-06-22T09:33:47"
310,2,6.7282327,-5.3044239,37,220,"2019-06-26T09:27:54"
822,2,5.13580694328994,-6.35296368040144,4,127,"2019-06-22T09:35:25"
62,2,5.334676,-4.0809746,16,105,"2019-06-26T11:24:04"
942,2,7.81087407376617,-4.51686127111316,38,216,"2019-06-18T09:47:39"
40,2,5.27615583501756,-3.94906570203602,10,30,"2019-06-21T11:25:35"
1052,2,9.96584457345307,-5.14958809129894,49,352,"2019-06-24T06:12:12"
114,2,6.44983308389783,-6.14584526047111,41,282,"2019-06-29T16:53:09"
466,2,7.4302479,-6.0439447,32,259,"2019-07-01T16:15:02"
1082,2,6.35891177225858,-4.28730944171548,4,133,"2019-06-22T18:27:36"
1080,2,6.47244905121624,-4.33714681304991,16,156,"2019-06-27T18:52:59"
750,2,8.25726980343461,-5.63701009377837,36,361,"2019-06-18T15:12:36"
570,2,5.63545139506459,-4.00254593230784,14,61,"2019-06-27T17:38:13"
886,2,6.48235,-7.20330166666667,9.39999961853027,258,"2019-06-27T11:32:02"
884,2,6.60682223271579,-7.3840871360153,24,290,"2019-06-20T08:37:26"
582,2,6.1291027860716,-4.89043565467,7,103,"2019-06-30T18:34:03"
514,2,7.8204387,-6.5218039,31,343,"2019-06-21T17:52:13"
890,2,6.74210221040994,-7.18779494985938,6,278,"2019-07-05T08:45:52"
154,2,9.45570518262684,-5.63805850222707,43,648,"2019-06-29T09:31:52"
678,2,7.8847278,-7.6710211,14,499,"2019-06-15T08:48:47"
660,2,6.0888289,-7.4930212,19,228,"2019-06-16T10:04:53"
468,2,7.58046925999224,-6.09115610830486,26,220,"2019-06-24T18:31:38"
572,2,6.0134054068476,-4.1432495880872,35,108,"2019-06-30T13:27:27"
972,2,5.7370687276125,-3.40386481024325,17,121,"2019-06-21T15:28:49"
612,2,6.06089169625193,-5.76846465468407,8,269,"2019-06-24T15:19:52"
974,2,5.47549002338201,-3.66146961227059,26,31,"2019-06-30T18:45:37"
568,2,6.09156778547913,-4.0617313887924,5,141,"2019-06-18T09:13:10"
518,2,7.99905760679394,-6.6601774469018,4,323,"2019-06-27T16:12:32"
658,2,6.2215425,-7.4901053,27,269,"2019-06-26T16:36:58"
516,2,7.96376644168049,-6.67628025636077,6,370,"2019-06-28T11:20:58"
594,2,6.01425524801016,-4.82178702950478,6,56,"2019-06-27T13:35:20"
1084,2,6.55075559858233,-4.50544092804193,9,129,"2019-06-18T18:55:34"
418,2,6.69729238841683,-4.83300955966115,6,160,"2019-06-29T16:34:04"
654,2,6.3802626,-7.3345086,15,246,"2019-06-28T08:33:52"
422,2,6.65440566837788,-4.70463970676064,10,114,"2019-06-19T18:35:00"
424,2,6.74105359241366,-4.74253437481821,5,136,"2019-06-23T07:40:44"
148,2,9.46793840266764,-5.63844683580101,16,386,"2019-06-23T16:53:59"
1056,2,9.9661644,-5.3364797,37,358,"2019-06-18T09:36:49"
392,2,9.81579174287617,-7.10149579681456,6,475,"2019-06-24T08:40:49"
388,2,9.92761525791138,-6.90481259487569,5,413,"2019-06-16T08:41:12"
78,2,5.3675681,-4.1012062,16,150,"2019-06-29T10:49:41"
284,2,6.98591358494014,-8.1578716635704,7,294,"2019-06-24T11:05:30"
204,2,7.7194501,-4.9966742,45,348,"2019-06-18T16:21:31"
616,2,6.37593499850482,-6.14759079180658,4,253,"2019-06-20T08:28:50"
366,2,4.7443879,-6.6321823,24.5869998931885,0,"2019-06-28T09:55:47"
60,2,5.31683061271906,-4.06618385575712,7,46,"2019-07-02T13:45:18"
554,2,5.85228230338544,-5.6803996860981,5,266,"2019-06-30T10:19:50"
308,2,6.80137190502137,-5.27732494287193,5,252,"2019-06-30T11:34:30"
298,2,6.81393109727651,-5.25919111445546,8,241,"2019-06-19T13:30:01"
368,2,4.7707395,-6.6639372,17,32,"2019-06-26T14:03:31"
762,2,8.19318722002208,-5.84327037446201,7,363,"2019-06-20T11:28:27"
632,2,6.4788063056767,-5.55837317369878,28,236,"2019-06-20T08:32:31"
976,2,5.5704412702471,-3.49813096225262,29,150,"2019-06-26T13:31:55"
798,2,10.2289127418771,-6.93902911618352,5,401,"2019-06-18T07:58:39"
716,2,7.42591832298785,-4.76639488711953,4,231,"2019-06-16T17:34:11"
842,2,5.42308183852583,-4.48987808078527,41,84,"2019-06-27T10:49:40"
332,2,7.2905412,-2.9742575,29,336,"2019-07-01T08:00:31"
692,2,9.51959108468145,-6.19108155369759,5,424,"2019-06-18T08:42:32"
712,2,7.17748554423451,-4.92548927664757,4,210,"2019-06-25T08:07:51"
556,2,6.00349766202271,-5.56895507499576,47,226,"2019-06-26T04:00:11"
552,2,5.64848232083023,-5.60749347321689,43,197,"2019-06-20T18:23:41"
964,2,5.81126294564456,-3.94916393794119,33,70,"2019-06-15T14:08:44"
796,2,10.2430474,-6.8771668,22,423,"2019-06-26T08:09:38"
686,2,9.52462370507419,-6.47475172765553,21,440,"2019-06-25T07:43:15"
152,2,9.44280757103115,-5.62319596298039,7,410,"2019-07-01T12:45:11"
860,2,5.1884447,-4.7191475,23,39,"2019-06-18T08:50:45"
910,2,7.99881981220096,-4.56275965087116,4,307,"2019-06-23T19:45:40"
440,2,6.92688667215407,-5.63740680925548,3,220,"2019-07-03T18:56:07"
76,2,5.35327160730958,-4.09552671946585,4,102,"2019-07-02T15:33:43"
464,2,7.5982567,-6.1471964,22,282,"2019-06-19T18:46:55"
908,2,8.71547605376691,-4.73899620585144,7,393,"2019-06-19T19:41:51"
132,2,6.75157661084086,-6.91217249259353,8,256,"2019-06-26T18:21:41"
46,2,5.34151355735958,-4.07727940008044,5,65,"2019-07-02T15:53:22"
1004,2,5.32000655774027,-6.52613463811576,14,155,"2019-06-18T17:17:17"
794,2,10.3597874008119,-6.81382326409221,42,350,"2019-06-27T09:39:43"
1006,2,5.42639197781682,-6.41829935833812,7,123,"2019-06-25T18:22:21"
992,2,5.97889120224863,-6.7348934803158,22,187,"2019-06-19T16:27:03"
200,2,7.6941132824868,-5.01009956002235,5,368,"2019-06-18T17:17:58"
946,2,7.5868137,-4.3850492,17,147,"2019-06-30T08:08:50"
208,2,7.663090727292,-4.76124429143965,6,269,"2019-06-26T08:08:03"
1002,2,5.42074265889823,-6.56371272169054,9,163,"2019-06-30T15:06:10"
134,2,6.9529597973451,-6.79349195212126,5,265,"2019-06-20T07:18:42"
1054,2,9.96479402761906,-5.14378303661942,7,354,"2019-06-30T20:18:14"
820,2,5.06218168884516,-6.26137311570346,18,53,"2019-06-27T08:05:32"
336,2,7.2982356,-3.2180741,24,205,"2019-06-25T18:14:28"
286,2,6.91125915851444,-8.20100979879498,3,300,"2019-06-18T20:33:42"
768,2,8.94894495606422,-3.1815848685801,2,318,"2019-06-18T17:46:55"
224,2,6.65975872892886,-3.67181070148945,15,180,"2019-07-03T09:10:50"
494,2,5.2078393,-3.5582245,15,33,"2019-06-19T12:40:34"
858,2,5.2845022,-4.3487922,20,6,"2019-06-24T16:48:08"
334,2,7.4717355,-3.2510083,25,208,"2019-06-21T16:05:31"
390,2,9.61404863744974,-6.82921285741031,5,502,"2019-06-26T08:02:19"
278,2,7.47711570002139,-7.48926367610693,8,414,"2019-07-01T11:57:16"
246,2,6.13378244452178,-3.21427278220654,44,146,"2019-06-17T09:03:30"
230,2,6.91257494967431,-3.41645518317819,27,243,"2019-06-23T10:34:40"
618,2,6.30785718094558,-5.88705416768789,4,279,"2019-06-17T07:00:01"
944,2,7.4983661,-4.2935764,19,157,"2019-06-25T19:41:04"
222,2,6.83292490895838,-3.57715462334454,28,224,"2019-06-26T17:52:14"
88,2,6.88883044291288,-6.4731921069324,4,279,"2019-06-24T18:02:03"
502,2,5.171428,-3.0664577,20,24,"2019-06-29T07:49:07"
1010,2,6.09647006727755,-6.62253079935908,6,257,"2019-06-23T15:11:06"
1012,2,6.27631075680256,-6.56559253111482,3,215,"2019-06-30T15:03:50"
454,2,6.6130478,-5.9788024,19,282,"2019-05-10T17:59:03"
498,2,5.215915,-3.7446087,39,48,"2019-08-25T14:20:01"
436,2,6.9209877,-5.6086105,15,204,"2019-06-07T17:25:07"
50,2,5.24707750417292,-3.94121102057397,8,24,"2019-06-01T09:27:54"
706,2,10.4895083,-6.4053997,32,376,"2018-10-06T09:19:39"
59,1,,,,,"##N/A##"
399,1,,,,,"##N/A##"
47,1,,,,,"##N/A##"
25,1,,,,,"##N/A##"
35,1,,,,,"##N/A##"
563,1,,,,,"##N/A##"
37,1,,,,,"##N/A##"
823,1,,,,,"##N/A##"
369,1,,,,,"##N/A##"
235,1,,,,,"##N/A##"
751,1,,,,,"##N/A##"
723,1,,,,,"##N/A##"
73,1,,,,,"##N/A##"
53,1,,,,,"##N/A##"
31,1,,,,,"##N/A##"
93,1,,,,,"##N/A##"
307,1,,,,,"##N/A##"
301,1,,,,,"##N/A##"
19,1,,,,,"##N/A##"
381,1,,,,,"##N/A##"
55,1,,,,,"##N/A##"
199,1,,,,,"##N/A##"
683,1,,,,,"##N/A##"
45,1,,,,,"##N/A##"
943,1,,,,,"##N/A##"
269,1,,,,,"##N/A##"
185,1,,,,,"##N/A##"
579,1,,,,,"##N/A##"
527,1,,,,,"##N/A##"
635,1,,,,,"##N/A##"
517,1,,,,,"##N/A##"
1,1,,,,,"##N/A##"
9,1,,,,,"##N/A##"
89,1,,,,,"##N/A##"
15,1,,,,,"##N/A##"
657,1,,,,,"##N/A##"
319,1,,,,,"##N/A##"
529,1,,,,,"##N/A##"
195,1,,,,,"##N/A##"
189,1,,,,,"##N/A##"
367,1,,,,,"##N/A##"
837,1,,,,,"##N/A##"
147,1,,,,,"##N/A##"
149,1,,,,,"##N/A##"
645,1,,,,,"##N/A##"
567,1,,,,,"##N/A##"
29,1,,,,,"##N/A##"
553,1,,,,,"##N/A##"
197,1,,,,,"##N/A##"
255,1,,,,,"##N/A##"
879,1,,,,,"##N/A##"
835,1,,,,,"##N/A##"
23,1,,,,,"##N/A##"
297,1,,,,,"##N/A##"
3,1,,,,,"##N/A##"
523,1,,,,,"##N/A##"
39,1,,,,,"##N/A##"
877,1,,,,,"##N/A##"
267,1,,,,,"##N/A##"
305,1,,,,,"##N/A##"
497,1,,,,,"##N/A##"
33,1,,,,,"##N/A##"
511,1,,,,,"##N/A##"
153,1,,,,,"##N/A##"
303,1,,,,,"##N/A##"
7,1,,,,,"##N/A##"
371,1,,,,,"##N/A##"
41,1,,,,,"##N/A##"
183,1,,,,,"##N/A##"
309,1,,,,,"##N/A##"
271,1,,,,,"##N/A##"
959,1,,,,,"##N/A##"
539,1,,,,,"##N/A##"
555,1,,,,,"##N/A##"
43,1,,,,,"##N/A##"
1023,1,,,,,"##N/A##"
273,1,,,,,"##N/A##"
495,1,,,,,"##N/A##"
931,1,,,,,"##N/A##"
201,1,,,,,"##N/A##"
749,1,,,,,"##N/A##"
85,1,,,,,"##N/A##"
437,1,,,,,"##N/A##"
577,1,,,,,"##N/A##"
75,1,,,,,"##N/A##"
531,1,,,,,"##N/A##"
1025,1,,,,,"##N/A##"
49,1,,,,,"##N/A##"
515,1,,,,,"##N/A##"
385,1,,,,,"##N/A##"
869,1,,,,,"##N/A##"
151,1,9.4441033,-5.6065637,23,362,"2018-10-14T08:29:46"
1029,1,9.6094201,-5.1905215,16,370,"2018-10-15T21:14:41"
601,1,6.0162886,-5.8725932,26,227,"2018-10-17T10:11:51"
739,1,8.8962405,-6.2587999,18,403,"2018-10-16T08:50:59"
709,1,10.2828554,-6.5751702,46,377,"2018-10-19T09:16:01"
571,1,6.1950481,-4.4366927,31,138,"2018-10-18T17:59:13"
127,1,7.387367,-6.4786202,32.0999984741211,0,"2018-10-19T17:09:12"
467,1,7.30401,-6.0014513,16,251,"2018-10-20T10:31:14"
1031,1,9.6003209,-5.1973429,38,374,"2018-10-17T21:54:23"
283,1,7.0369473,-8.1293009,24,307,"2018-10-19T09:41:50"
473,1,5.4804288,-3.329386,17,79,"2018-10-19T08:39:20"
595,1,6.4627591,-5.9535542,18,273,"2018-10-20T13:54:47"
887,1,6.8954442,-7.4322626,21,283,"2018-10-20T09:43:00"
855,1,5.3545453,-4.8901789,30,47,"2018-10-20T10:58:00"
1071,1,6.6541225,-4.2070589,21,247,"2018-10-17T09:32:09"
69,1,5.3312989,-4.1106457,18,67,"2018-10-21T17:58:37"
781,1,9.8445921,-3.5401829,31,387,"2018-10-18T11:39:49"
477,1,5.2948531,-3.0554876,32.0999984741211,0,"2018-10-22T08:25:27"
639,1,6.5097429,-8.0693299,18,324,"2018-10-20T11:49:18"
503,1,8.7694769,-7.0012331,15,444,"2018-10-21T16:21:11"
67,1,5.3215066,-4.0983044,38,10,"2018-10-19T09:42:38"
351,1,5.0488864,-6.7453741,27,99,"2018-10-21T16:56:03"
115,1,6.6455376,-6.3082036,37,246,"2018-10-22T09:40:09"
339,1,8.1110319,-3.6271114,28,254,"2018-10-22T17:01:08"
263,1,7.1432065,-8.1612497,30,408,"2018-10-25T08:55:26"
117,1,7.6957507,-6.5526241,14,328,"2018-10-25T07:12:41"
597,1,6.4396829,-5.9623941,20,290,"2018-10-23T08:13:13"
71,1,5.3413454,-4.1261815,31,30,"2018-10-26T16:20:21"
685,1,,,,,"##N/A##"
393,1,9.3208354,-7.6285974,16,509,"2018-10-22T11:34:51"
505,1,8.479734,-6.6046214,17,361,"2018-10-27T08:03:01"
853,1,5.2578502,-4.9920094,19,93,"2018-10-23T13:45:02"
875,1,6.8311323,-7.1392008,22,277,"2018-10-24T09:23:38"
953,1,6.0944369,-3.8656856,22,141,"2018-10-25T16:18:26"
983,1,6.1650492,-3.6370704,25,174,"2018-10-19T11:39:00"
459,1,7.5060296,-5.8448564,18,320,"2018-10-24T17:39:32"
551,1,6.103122,-5.5529912,17,238,"2018-10-22T17:19:33"
665,1,8.8736583,-7.7909678,16,528,"2018-10-28T18:14:31"
717,1,7.2905366,-4.7225924,22,259,"2018-10-21T15:28:19"
211,1,7.3509468,-5.5901164,21,305,"2018-10-20T11:33:43"
123,1,7.3208564,-6.7127685,16,267,"2018-10-29T08:07:59"
155,1,9.4883831,-5.5721622,17,389,"2018-10-22T17:33:51"
1033,1,9.5325203,-5.221414,26,362,"2018-10-24T20:33:09"
715,1,7.4062312,-4.8865442,23,237,"2018-10-17T09:21:02"
259,1,7.4514797,-8.3478197,20,408,"2018-10-28T09:17:40"
1073,1,6.575131,-4.2226334,21,200,"2018-10-29T06:44:39"
113,1,6.5639193,-6.1619353,24,278,"2018-10-30T09:06:01"
687,1,,,,,"##N/A##"
1075,1,6.7056591,-4.3450238,20,170,"2018-11-02T09:31:56"
817,1,5.4301132,-6.348446,34,101,"2018-11-01T11:03:20"
951,1,7.7460572,-3.9872104,32,253,"2018-10-22T17:03:01"
1069,1,6.7458456,-4.2590812,18,158,"2018-10-24T10:06:41"
1001,1,5.396009,-6.5549932,14,149,"2018-10-30T18:25:01"
985,1,6.2766213,-6.9952825,21,250,"2018-10-30T12:22:53"
949,1,7.6044991,-3.7304042,30,204,"2018-11-01T09:24:09"
429,1,7.001114,-5.5116113,23,256,"2018-10-31T17:58:13"
987,1,6.1725398,-7.0408145,16,239,"2018-11-04T16:32:17"
507,1,8.5699704,-6.6149163,19,346,"2018-11-02T08:57:33"
157,1,9.4341536,-5.6983385,47,410,"2018-10-28T09:40:15"
625,1,6.1881646,-5.6444724,38,273,"2018-11-02T10:21:08"
165,1,10.2346907649189,-5.94547050073743,46,393,"2018-11-03T17:23:16"
343,1,7.7091115,-3.0995533,13,247,"2018-10-29T09:38:11"
537,1,6.1172197,-5.3009939,23,224,"2018-10-29T09:07:43"
51,1,5.3404712,-4.070187,26,65,"2018-11-01T09:45:19"
483,1,5.5379344,-2.9899017,40,73,"2018-10-31T10:21:01"
787,1,10.1533256610855,-7.11982081644237,17,430,"2018-10-15T16:47:08"
789,1,9.9855379,-7.3867021,27,438,"2018-10-27T09:43:25"
785,1,10.0211078,-7.1991626,19,454,"2018-10-23T09:01:19"
109,1,6.4592866,-6.570927,24,250,"2018-11-08T14:30:30"
857,1,5.2921592,-4.774879,21,87,"2018-11-03T08:02:37"
805,1,10.2676765,-7.4964577,18,432,"2018-11-04T07:55:10"
859,1,5.2041397,-4.4223026,15,45,"2018-10-31T17:43:31"
689,1,,,,,"##N/A##"
111,1,6.4592399,-6.5710426,24,251,"2018-11-08T16:10:54"
671,1,8.5877541,-7.6395641,15,531,"2018-11-02T08:37:07"
559,1,5.7257725,-5.7237207,38,234,"2018-10-29T10:21:30"
667,1,8.7367101,-7.4941155,20,444,"2018-11-09T15:19:55"
1005,1,5.4438861,-6.6784382,19,213,"2018-11-01T18:11:55"
65,1,5.3134777,-4.0825863,16,38,"2018-11-07T16:34:29"
557,1,5.5770859,-5.9049563,38,225,"2018-11-02T19:47:41"
241,1,7.13245737366378,-3.61669491045177,47,169,"2018-11-04T16:53:04"
167,1,10.0141452,-5.9039569,22,390,"2018-11-09T10:51:07"
957,1,6.1768523,-3.9068471,19,137,"2018-11-06T07:35:37"
955,1,6.10970739740878,-3.87038234621286,50,156,"2018-10-31T09:57:45"
745,1,7.8819095,-5.9681691,22,299,"2018-10-29T19:53:20"
1003,1,5.4324401,-6.5604876,19,179,"2018-11-15T08:44:07"
693,1,9.5193321,-6.323351,19,362,"2018-11-13T08:25:26"
819,1,5.57127,-6.5209681,17,105,"2018-11-06T12:14:37"
759,1,8.5081921,-6.1418241,18,429,"2018-11-08T20:06:02"
991,1,5.9932582,-6.9734545,19,257,"2018-11-09T08:53:32"
623,1,6.2893562,-5.5753897,18,248,"2018-11-07T08:53:12"
825,1,5.2842667,-6.2431876,14,59,"2018-11-11T17:23:50"
747,1,7.8382689,-5.7595171,33,330,"2018-10-20T20:48:18"
293,1,6.9114225,-5.4643857,26,232,"2018-11-06T13:54:13"
243,1,6.0743867,-3.4135886,26,134,"2018-11-11T17:35:08"
525,1,5.7403132,-5.1279552,16,107,"2018-11-11T13:31:55"
373,1,4.7808998,-6.6514125,23,37,"2018-10-16T11:21:28"
61,1,5.4349714,-4.0180006,20,0,"2018-11-16T17:04:04"
637,1,6.5755419,-8.0281571,37,296,"2018-10-30T07:30:19"
629,1,6.3850102,-5.4172573,34,223,"2018-11-14T10:56:31"
989,1,6.1527912,-6.8623909,17,208,"2018-11-15T10:15:39"
107,1,6.492563,-6.5776582,21,248,"2018-11-16T20:02:42"
669,1,8.4773435,-7.1967157,20,361,"2018-11-17T08:44:27"
481,1,5.4775325,-2.8600209,36,45,"2018-11-10T18:08:42"
917,1,8.1361569,-5.1028659,28,332,"2018-10-27T16:45:32"
845,1,5.324879,-4.6592469,28,43,"2018-11-13T10:04:31"
691,1,9.8520375,-6.2509675,24,405,"2018-11-17T09:46:01"
767,1,9.2292536,-3.0641178,17,339,"2018-11-06T07:10:01"
843,1,5.4756474,-4.5074846,35,78,"2018-11-18T17:50:51"
925,1,8.4435918,-5.1513459,26,340,"2018-10-22T12:49:39"
377,1,4.9336459,-6.7728873,16,41,"2018-10-26T13:32:23"
769,1,8.8190839,-2.8938465,29,361,"2018-11-11T08:03:09"
923,1,8.6606825,-5.2815366,28,406,"2018-10-19T08:45:13"
365,1,4.7265901,-6.8156142,15,54,"2018-10-30T07:56:52"
1037,1,,,,,"##N/A##"
143,1,9.6632897,-5.7532731,21,366,"2018-11-21T07:14:14"
783,1,,,,,"##N/A##"
119,1,7.4784815,-6.9974178,17,267,"2018-11-09T08:07:08"
169,1,9.9034651,-5.7290637,17,412,"2018-11-17T16:43:16"
1043,1,,,,,"##N/A##"
125,1,7.6768038,-6.9688027,16,270,"2018-11-04T07:03:49"
279,1,7.758823,-8.0749985,17,606,"2018-11-21T17:39:14"
903,1,8.2512789,-4.8264846,23,268,"2018-11-03T07:30:19"
1035,1,,,,,"##N/A##"
261,1,7.2338841,-7.9328349,23,366,"2018-11-15T09:30:55"
627,1,6.4649443,-5.6920624,18,274,"2018-11-20T15:13:37"
257,1,7.2694336,-8.1454351,20,371,"2018-11-10T09:23:19"
207,1,,,,,"##N/A##"
973,1,5.6479469,-3.4194536,31,159,"2018-11-16T07:38:30"
501,1,5.2520654,-2.9720919,18,51,"2018-11-21T09:09:50"
633,1,6.4731107,-5.6088981,19,188,"2018-11-23T11:42:11"
963,1,5.9099345,-4.0131192,20,121,"2018-11-12T18:54:20"
313,1,6.7322696,-5.4127446,19,191,"2018-11-18T16:53:50"
499,1,5.2950224,-2.7855585,23,35,"2018-11-19T12:35:26"
765,1,9.2660028,-2.9962087,40,359,"2018-10-23T16:36:31"
295,1,6.8377989,-5.2585915,15,262,"2018-11-14T18:58:20"
245,1,6.2895649,-3.3160839,16,190,"2018-11-18T16:10:14"
1079,1,6.4660868,-4.3597262,16,159,"2018-11-11T15:55:20"
209,1,7.54047676920891,-5.06086464039981,45,312,"2018-11-03T09:30:47"
423,1,6.6572922,-4.7021667,16,130,"2018-10-31T16:02:26"
1077,1,6.4115921,-4.4425644,16,181,"2018-11-14T08:39:49"
213,1,7.5257313,-5.2248053,27,294,"2018-10-28T15:37:38"
673,1,8.2384856,-7.8677199,32,593,"2018-11-25T10:13:57"
763,1,9.4671168,-3.0172788,25,367,"2018-10-29T10:41:20"
909,1,8.4706643,-4.7484861,16,386,"2018-11-05T08:49:32"
711,1,7.2016987,-4.8331793,16,220,"2018-10-26T08:52:10"
1083,1,6.5228287,-4.6981216,29,114,"2018-11-21T10:08:12"
1039,1,9.0289436,-4.3284741,18,344,"2018-11-13T21:31:41"
1017,1,5.7645373,-6.4090855,39,150,"2018-11-22T08:33:21"
935,1,7.06738899461925,-4.00102553889155,45,258,"2018-11-13T11:58:39"
771,1,8.702166,-2.8994842,46,373,"2018-11-15T09:33:08"
695,1,9.9064619,-6.5079907,26,393,"2018-11-23T10:15:07"
675,1,8.37144029326737,-8.12169008888304,34,606,"2018-11-21T09:54:08"
939,1,7.2506023,-3.9754677,40,233,"2018-11-06T12:16:30"
421,1,6.642281,-4.7070436,17,101,"2018-10-30T16:41:19"
91,1,6.8716562,-6.4502828,19,332,"2018-11-24T10:37:56"
779,1,8.44868145883083,-3.47466238774359,49,407,"2018-11-24T08:10:46"
605,1,6.1433863,-5.9603671,23,239,"2018-11-22T11:14:19"
105,1,6.6496984,-6.513302,15,261,"2018-11-24T09:53:20"
121,1,7.1227173,-6.7645279,16,263,"2018-11-18T12:01:41"
489,1,5.2243047,-3.2034972,34,25,"2018-11-29T16:53:38"
841,1,5.4363,-4.3635526,16,56,"2018-12-01T17:30:20"
547,1,5.6084151,-5.1202152,20,94,"2018-11-27T09:05:12"
311,1,6.8464409,-5.3813961,21,217,"2018-11-25T17:24:37"
101,1,6.8007694,-6.5473751,16,271,"2018-11-29T18:42:11"
441,1,6.8563602,-5.7643729,20,272,"2018-11-13T18:00:38"
83,1,5.327135,-3.8795334,26,39,"2018-11-19T16:53:57"
631,1,6.4443089,-5.3834298,35,172,"2018-11-28T12:03:44"
1049,1,10.129693,-5.2403019,16,348,"2018-11-25T21:19:50"
233,1,6.3247105,-3.4429135,24,180,"2018-11-23T09:39:51"
513,1,8.0417033,-6.4091166,14,374,"2018-12-02T16:57:32"
975,1,5.4865211,-3.7418379,37,118,"2018-11-22T08:31:00"
1053,1,9.9746175,-5.1559947,18,351,"2018-12-01T10:30:22"
575,1,6.0701897,-4.3109882,21,142,"2018-10-24T17:10:19"
883,1,6.6490164,-7.2414585,17,252,"2018-11-20T18:53:19"
95,1,6.8582668,-6.4386837,26,279,"2018-12-01T09:26:56"
5,1,5.2866768,-3.9567723,22,45,"2018-11-12T12:58:32"
881,1,6.8253944,-7.4893869,27,296,"2018-11-15T09:19:31"
193,1,7.7261854,-5.0226188,34,334,"2018-12-04T15:56:27"
833,1,4.9643031,-6.1920409,22,67,"2018-11-18T08:54:48"
569,1,5.6389461,-4.0556552,49,67,"2018-11-27T08:54:33"
885,1,6.37307655997574,-7.18121691606939,46,273,"2018-11-27T10:38:42"
699,1,9.9536555,-6.3775105,36,400,"2018-12-03T09:27:45"
815,1,5.2475498,-6.0154412,38,126,"2018-12-01T18:19:45"
821,1,5.06,-6.26,14,59,"2018-10-26T08:32:02"
697,1,,,,,"##N/A##"
999,1,5.6518389,-6.8256716,21,215,"2018-11-30T17:35:30"
191,1,7.7274737,-5.060263,19,353,"2018-11-23T18:06:29"
81,1,5.47354722395539,-4.15584549307823,31,61,"2018-11-04T16:13:29"
1019,1,5.6772465,-6.335459,20,145,"2018-11-30T07:57:19"
831,1,4.9467915,-6.0878512,17,74,"2018-11-24T14:39:42"
1007,1,5.567482,-6.5809915,23,118,"2018-11-21T08:44:43"
1009,1,5.519211,-6.8357052,24,202,"2018-11-09T08:15:20"
589,1,5.8653451,-4.76388,22.5,0,"2018-11-24T09:43:57"
891,1,6.8274917,-7.0580413,34,245,"2018-12-02T17:05:03"
253,1,7.64737042598426,-7.95806737616658,50,590,"2018-11-29T09:05:03"
585,1,5.77682966832072,-4.75706574507058,49,65,"2018-11-23T13:10:20"
249,1,7.5758164,-7.7571776,23,529,"2018-12-03T11:36:38"
215,1,6.7299774,-3.4973538,23,226,"2018-11-26T06:51:40"
1021,1,5.7234556,-6.2747165,29,187,"2018-12-05T10:12:11"
611,1,6.2141215,-6.0207561,27,262,"2018-12-12T07:27:28"
223,1,7.02823641244322,-3.68337169289589,49,168,"2018-11-22T14:43:33"
409,1,7.06349476240575,-4.49983024969697,49,163,"2018-11-05T17:21:40"
205,1,7.5872971,-4.9202413,27,283,"2018-11-12T19:16:39"
161,1,9.7236779,-6.0277411,12,394,"2018-11-30T18:33:14"
335,1,7.5499336,-3.2315573,24,270,"2018-11-30T16:27:26"
545,1,5.5429616,-5.5353717,15,195,"2018-12-04T16:14:53"
159,1,9.2886089,-6.2377935,21,404,"2018-12-04T09:05:13"
549,1,5.2711176,-5.1056571,20,72,"2018-12-12T11:22:37"
993,1,5.5514146,-6.0328506,17,191,"2018-12-08T09:20:01"
581,1,5.6398373,-4.5838563,18,64,"2018-11-30T10:10:36"
679,1,8.2894572,-7.3096575,38,409,"2018-12-09T18:50:31"
603,1,6.1386832,-5.9522646,16,241,"2018-12-07T17:12:48"
347,1,7.558016,-2.9729045,21,209,"2018-12-06T13:47:38"
681,1,8.0973861,-7.1777671,23,349,"2018-12-03T09:04:01"
677,1,7.9463379,-7.6757595,16,481,"2018-12-13T18:18:49"
829,1,5.1831395,-5.7879432,17,95,"2018-12-09T12:22:25"
17,1,5.3504926,-4.0690396,22,78,"2018-12-06T16:21:56"
431,1,6.9302478,-6.0544268,20,290,"2018-12-10T07:48:50"
475,1,5.395189,-3.4043852,25,97,"2018-12-07T08:40:19"
487,1,5.2262407,-3.3902987,16,90,"2018-12-11T10:59:02"
99,1,6.6420859,-6.2702659,44,279,"2018-12-04T18:16:01"
1045,1,10.1160971,-5.5560709,23,411,"2018-12-13T18:09:01"
543,1,5.6679772,-5.5163171,18,213,"2018-12-05T22:00:18"
979,1,5.6436163,-3.9254706,18,61,"2018-12-09T16:19:07"
827,1,5.4064952,-5.903501,16,177,"2018-12-06T16:57:48"
1055,1,9.9875016,-5.2147525,20,359,"2018-12-05T16:39:21"
609,1,6.1287602,-5.9567214,18,242,"2018-12-04T09:04:54"
485,1,5.2852142,-3.3113905,34,69,"2018-12-12T19:11:19"
701,1,10.0177165,-6.6699619,23,430,"2018-12-07T08:59:19"
1047,1,9.9992583,-5.5788806,35,346,"2018-12-10T11:02:39"
607,1,6.1493437,-5.954467,22,213,"2018-11-29T16:41:32"
97,1,7.0277604,-6.4720609,16,296,"2018-12-08T14:20:26"
315,1,8.2049947,-3.2386161,16,345,"2018-11-27T11:11:38"
131,1,6.6876125,-6.7681104,20,272,"2018-12-10T11:52:31"
1059,1,6.6669085,-3.9718624,28,166,"2018-12-03T09:02:50"
133,1,6.7992423,-6.9120968,24,248,"2018-12-06T08:47:00"
87,1,7.0172935,-6.188367,17,292,"2018-12-12T07:02:41"
317,1,8.0432554,-2.8000453,28,387,"2018-12-08T16:17:41"
225,1,6.7526992,-3.788361,24,158,"2018-11-30T07:05:03"
173,1,7.5033813,-5.6036253,29,262,"2018-12-07T08:17:30"
413,1,7.0662663,-4.5897632,49,135,"2018-11-11T12:29:46"
977,1,5.671858,-3.7682647,19,139,"2018-12-15T14:21:27"
345,1,7.8118111,-2.9485089,23,287,"2018-12-10T09:49:22"
521,1,8.0035367,-6.8014331,16,378,"2018-11-15T16:25:07"
757,1,8.3827561,-5.902183,23,393,"2018-12-01T09:31:40"
997,1,5.8178234,-6.8040319,20,212,"2018-12-05T18:50:40"
433,1,6.894237,-6.1525828,25,271,"2018-12-15T18:34:15"
753,1,8.0670222,-6.1537833,44,350,"2018-12-09T20:21:31"
509,1,,,,,"##N/A##"
375,1,4.8511539,-6.5240216,18,39,"2018-12-10T09:19:19"
755,1,8.3273996,-6.1022404,27,377,"2018-12-04T17:23:25"
177,1,7.97067183069885,-5.53954574279487,48,276,"2018-12-03T09:22:03"
937,1,7.0619633,-3.6986997,21,198,"2018-12-20T17:56:09"
163,1,9.2013581,-6.1476302,35,408,"2018-12-16T10:50:37"
1015,1,5.9123678,-6.4875393,16,194,"2018-12-18T08:38:50"
1061,1,6.6959253,-4.1317346,25,202,"2018-12-12T08:21:31"
561,1,5.8980381,-4.5608262,22,126,"2018-12-12T18:08:16"
541,1,5.9201015,-5.0221394,20,137,"2018-12-21T08:31:23"
491,1,5.2743985,-3.5999408,43,41,"2018-12-21T16:34:42"
333,1,7.894738,-3.7186207,19,260,"2018-12-15T16:14:39"
573,1,5.6992811,-4.299893,22,72,"2018-12-22T10:31:00"
1063,1,6.972441,-3.9948705,23,216,"2018-12-16T14:33:26"
565,1,5.9494827,-4.2780742,32,66,"2018-12-07T19:05:14"
1051,1,10.2234798,-5.5725547,32.5,333.799987792969,"2018-12-16T16:24:00"
1057,1,10.3840003,-5.7488512,36,369,"2018-12-21T10:37:01"
961,1,5.8513725,-3.8244068,18,85,"2018-12-08T11:18:13"
1027,1,5.8673095,-6.6377978,22,186,"2018-12-19T08:28:40"
139,1,,,,,"##N/A##"
493,1,5.286619,-3.5196486,16,56,"2018-12-18T09:30:30"
643,1,6.6562091,-7.7682718,33,309,"2018-12-07T10:05:39"
337,1,7.1920853,-2.9869685,48,310,"2018-12-19T16:15:26"
357,1,5.0986558,-6.6131186,17,61,"2018-12-15T08:12:08"
897,1,7.2987265,-7.447712,19,374,"2018-12-19T14:24:24"
659,1,6.2120901,-7.7018785,34,266,"2018-11-08T09:47:40"
619,1,6.2568073,-6.0402353,14,248,"2018-12-19T11:15:52"
135,1,8.671193,-5.8145054,17,393,"2018-12-09T08:32:51"
905,1,8.2620933,-4.5789218,23,295,"2018-12-08T15:50:25"
945,1,7.477528,-4.0787517,25,246,"2018-12-21T09:10:00"
651,1,6.3521803,-7.5288681,20,266,"2018-12-01T17:35:11"
137,1,9.0244544,-5.8866884,31,394,"2018-12-16T07:45:03"
649,1,6.6341482,-7.6026215,25,264,"2018-12-12T10:24:00"
419,1,6.8278076,-4.6000746,36,140,"2018-12-09T08:36:01"
291,1,7.0240675,-5.2695781,17,239,"2018-12-09T16:45:53"
995,1,5.691042,-6.1123225,21,206,"2018-12-12T18:19:56"
425,1,6.61198892164975,-4.63970107957721,23,107,"2018-12-15T15:18:40"
653,1,6.3724836,-7.3988201,22,269,"2018-11-22T08:42:11"
63,1,5.3324747,-4.083992,25,33,"2018-12-15T09:46:58"
289,1,6.8234257,-5.0902488,24,193,"2018-12-13T07:57:17"
407,1,6.8271062,-4.5279478,44,144,"2018-12-05T12:03:10"
655,1,5.882987,-7.4770157,17,205,"2018-11-20T07:55:10"
617,1,6.1536286,-6.2501772,18,252,"2018-12-15T10:12:19"
725,1,7.149282,-4.9526826,20,207,"2018-12-03T09:24:59"
411,1,7.047686,-4.4114059,21,119,"2018-11-18T17:38:01"
647,1,6.4288109,-7.4772718,38,272,"2018-12-14T17:31:13"
299,1,,,,,"##N/A##"
141,1,8.947614,-5.6150257,19,395,"2018-12-18T18:34:37"
415,1,6.9465302,-4.3057936,17,133,"2018-11-24T10:47:19"
519,1,7.901037,-6.6578333,24,343,"2018-12-07T16:17:19"
427,1,7.27745968848467,-4.65434342622757,34,188,"2018-10-29T12:27:08"
417,1,7.1105037,-4.3297497,42,178,"2018-11-29T07:59:29"
325,1,8.3034579,-3.1162078,17,386,"2018-10-17T16:16:10"
277,1,,,,,"##N/A##"
321,1,8.12066443730146,-2.91033416055143,13,396,"2018-10-26T11:36:46"
237,1,7.2393479,-3.3136511,28,200,"2018-11-02T09:05:55"
907,1,8.8536021,-4.4244312,20,284,"2018-12-14T09:46:38"
967,1,6.3818845,-3.8861526,19,176,"2018-12-16T17:08:08"
265,1,,,,,"##N/A##"
913,1,8.2576021,-4.2821656,27,279,"2018-12-20T08:48:31"
247,1,7.7358072,-7.6115394,25,514,"2018-12-12T08:25:06"
341,1,7.802446,-3.1709711,25,306,"2018-11-23T08:54:04"
895,1,,,,,"##N/A##"
813,1,5.5275426,-5.651935,21,171,"2018-12-14T17:45:16"
239,1,7.0677398,-3.1487284,16,249,"2018-11-17T11:49:44"
251,1,7.7162043,-7.4171551,24,764,"2018-12-10T10:52:31"
275,1,,,,,"##N/A##"
807,1,5.2819241,-5.5299072,15,37,"2018-12-10T13:25:20"
839,1,5.3322659,-4.3959238,43,63,"2018-12-17T12:36:01"
331,1,8.20683622732759,-2.94814861379564,18,450,"2018-10-20T11:13:56"
893,1,,,,,"##N/A##"
363,1,4.7471997,-7.1209962,27,85,"2018-11-11T18:02:38"
217,1,6.7299331,-3.5056407,22,225,"2018-12-16T17:46:13"
801,1,9.92637930437922,-7.81592111103237,45,456,"2018-12-14T11:08:04"
899,1,,,,,"##N/A##"
439,1,6.9619306,-5.8090026,38,224,"2018-12-20T08:24:24"
231,1,6.8638915,-3.4861949,23,243,"2018-11-28T16:49:36"
865,1,,,,,"##N/A##"
389,1,9.6096173,-6.9448154,29,507,"2018-12-20T16:21:09"
435,1,6.9988744,-5.7420942,17,225,"2018-12-17T17:11:33"
873,1,,,,,"##N/A##"
361,1,4.6151687,-6.9649549,40,47,"2018-11-08T09:39:42"
803,1,10.2051368,-7.830549,34,452,"2018-12-10T12:55:36"
13,1,5.3461857,-4.024137,18,78,"2018-11-21T11:16:50"
355,1,5.0239265570417,-7.05642672255635,35,200,"2018-12-03T08:40:35"
401,1,9.5456084,-7.3192143,28,492,"2018-12-17T09:25:32"
447,1,6.7503668,-6.1046292,18,301,"2018-12-07T18:41:49"
761,1,8.1755737,-5.7098909,48,372,"2018-11-06T10:52:55"
1081,1,6.4546632,-4.3907683,24,165,"2018-12-12T17:59:26"
861,1,6.9600166,-7.47958,22,296,"2018-12-20T13:30:46"
103,1,6.9012097,-6.2291317,14,280,"2018-12-18T17:57:32"
871,1,6.9400643,-7.8425279,25,359,"2018-12-12T15:46:32"
445,1,7.176883,-5.9261456,20,221,"2018-12-12T16:49:09"
229,1,6.6446363,-3.382128,15,240,"2018-12-19T10:10:53"
791,1,9.8169016,-7.3873789,27,429,"2018-11-22T07:50:10"
219,1,6.7148091,-3.4981464,17,216,"2018-12-16T16:26:44"
443,1,6.7884726,-5.8717126,18,294,"2018-11-30T17:59:44"
799,1,10.295939,-7.6104712,50,413,"2018-11-09T15:14:01"
77,1,5.38519039750099,-4.09837061539292,49,131,"2018-12-13T15:51:44"
221,1,6.6526099,-3.4592284,16,217,"2018-12-02T15:55:13"
719,1,6.3162214,-5.126601,16,152,"2018-12-14T09:00:50"
387,1,9.6163392,-7.9218257,19,487,"2018-11-15T08:20:05"
397,1,9.495716,-7.5613702,23,450,"2018-12-03T10:36:31"
731,1,6.3233907,-4.9724079,22,129,"2018-12-10T10:25:33"
383,1,5.05377602297813,-7.45833897963166,48,105,"2018-12-10T05:06:47"
969,1,6.3572194,-3.9122394,18,155,"2018-12-22T07:27:26"
379,1,4.6386033,-7.3455365,28,96,"2018-12-14T18:37:50"
705,1,10.4895083,-6.4053997,32,376,"2018-10-06T09:19:39"
449,1,6.6561768,-5.6065357,20,260,"2018-10-06T18:23:13"
469,1,5.4808766,-3.2085496,25,71,"2018-10-07T16:05:17"
535,1,5.69119126070291,-5.27622113004327,38,124,"2018-10-05T08:31:38"
287,1,6.96420449763536,-8.25034090317786,42,307,"2018-10-04T08:58:37"
179,1,7.8349743,-5.3062302,30,305,"2018-10-04T09:42:54"
911,1,7.9689069,-4.4259854,33,260,"2018-10-06T09:21:01"
743,1,8.70825076941401,-6.24924265779555,46,374,"2018-10-05T08:45:09"
867,1,7.04129277728498,-7.16769212856889,43,284,"2018-10-06T18:22:13"
775,1,9.5630159,-3.3331137,18,442,"2018-10-07T07:45:08"
621,1,5.7930715,-6.1075445,15,229,"2018-10-09T19:26:19"
613,1,6.0040401,-6.2926386,15,253,"2018-10-10T09:14:23"
471,1,5.4708289,-3.2071517,24,43,"2018-10-10T12:23:44"
1065,1,6.7848802,-4.0847779,21,210,"2018-10-06T12:25:43"
663,1,6.53808459173888,-8.27682754956186,40,331,"2018-10-08T14:57:00"
463,1,7.7144689,-6.0008791,43,307,"2018-10-07T17:56:34"
737,1,8.9509708,-6.2521086,21,375,"2018-10-12T10:04:50"
919,1,8.1260593,-5.1773079,28,319,"2018-10-04T10:26:12"
587,1,6.1553861,-4.7461681,25,62,"2018-10-07T11:36:32"
901,1,8.047585,-4.1499615,23,268,"2018-10-11T15:15:30"
591,1,6.0671388,-4.5555962,33,141,"2018-10-12T10:50:10"
285,1,6.9143516,-8.2090593,16,312,"2018-10-10T08:44:06"
403,1,9.97118053492159,-7.65673192217946,49,413,"2018-10-11T08:59:43"
703,1,,,,,"##N/A##"
777,1,9.7192066,-3.468704,22,384,"2018-10-12T14:18:38"
21,1,5.4360694,-4.0467797,21,138,"2018-10-12T09:48:53"
941,1,7.7715317,-4.2499737,33,203,"2018-10-13T09:49:13"
1067,1,6.8613873,-4.0786804,34,257,"2018-10-14T07:03:06"
461,1,7.24402079824358,-6.26348434947431,38,295,"2018-10-14T13:32:11"
129,1,7.2320462,-6.4766176,29,292,"2018-10-12T08:03:55"
457,1,6.5762311,-5.8448216,16,297,"2018-10-12T15:46:41"
181,1,7.9358052,-5.2188706,35,308,"2018-10-12T18:44:31"
981,1,6.0771054,-3.6338477,22,134,"2018-10-12T11:20:30"
889,1,6.8902036,-7.5228813,17,275,"2018-10-15T09:15:00"
947,1,7.8649141,-3.986844,39,206,"2018-10-17T10:05:09"
175,1,7.5840122,-5.6082289,18,248,"2018-10-12T10:20:04"
349,1,5.2027443,-6.8502783,17,142,"2018-10-17T16:40:40"
353,1,5.2890046,-6.8197772,14,195,"2018-10-14T07:43:24"
395,1,9.1024098,-7.3734498,24,432,"2018-10-16T07:03:11"
641,1,6.38423874042928,-8.21398138068616,44,283,"2018-10-15T10:50:50"
593,1,5.8858388,-4.8099383,22,48,"2018-10-22T11:36:13"
57,1,5.4431793,-4.0242153,21,158,"2018-10-18T17:36:26"
713,1,7.3141057,-4.9915695,36,292,"2018-10-11T08:42:40"
729,1,6.5352901,-5.1432762,17,233,"2018-10-11T18:35:20"
727,1,6.6965254,-5.0466212,27,227,"2018-10-19T07:55:11"
795,1,10.2385126,-6.632924,20,377,"2018-10-05T08:59:13"
721,1,7.2138465,-5.4246677,21,272,"2018-10-05T07:51:01"
797,1,10.3099032,-6.9356006,28,405,"2018-10-12T15:16:08"
809,1,5.1072685,-5.5880582,39,54,"2018-09-29T18:11:56"
773,1,9.8098475,-3.3395373,19,355,"2018-10-01T12:11:31"
227,1,6.6640735,-3.2758352,14,209,"2018-09-30T17:06:12"
741,1,8.7621617,-6.2419833,16,392,"2018-10-01T07:41:31"
965,1,6.3304128,-3.9536247,20,126,"2018-10-01T12:23:38"
1013,1,6.2501711,-6.4608235,21,246,"2018-10-03T08:48:15"
707,1,10.4819479,-6.4142438,26,351,"2018-09-30T17:36:01"
329,1,8.68672126438469,-2.81216422095895,11,362,"2018-09-30T15:43:34"
811,1,5.1147214,-5.7878368,36,104,"2018-10-05T18:45:18"
405,1,9.3056615,-7.1026621,41,381,"2018-10-06T08:12:39"
661,1,6.5029228,-8.4110733,23,303,"2018-10-03T09:57:18"
203,1,5.348937,-3.9887888,20,0,"2018-09-30T16:33:24"
615,1,6.2391325,-6.1716436,23,246,"2018-10-08T17:13:17"
583,1,6.1771392,-5.0623565,27,135,"2018-10-02T16:57:39"
455,1,6.6315308,-5.9139038,32,277,"2018-10-05T14:36:51"
733,1,6.557643,-5.0250241,24,185,"2018-09-30T15:22:18"
171,1,9.6730788,-5.4390061,25,356,"2018-10-06T11:01:09"
27,1,5.3594751,-4.0200953,22,58,"2018-10-01T11:30:38"
79,1,5.4895426,-4.053232,32,111,"2018-10-08T15:02:38"
847,1,5.51073638722301,-4.96107171289623,24,67,"2018-10-09T08:46:08"
933,1,6.9763738,-3.8008332,35,186,"2018-10-02T10:42:31"
971,1,6.5644809,-3.7627353,21,195,"2018-10-07T12:08:14"
849,1,5.67747142631561,-4.87988510169089,45,55,"2018-10-15T08:47:28"
915,1,,,,,"##N/A##"
359,1,5.16916645690799,-6.41474073752761,31,132,"2018-10-05T07:56:04"
735,1,6.517478,-5.0686288,39,206,"2018-10-04T08:48:01"
927,1,9.1322774,-5.161851,38,470,"2018-10-09T11:41:31"
921,1,9.3992919,-5.2330277,18,347,"2018-10-13T20:49:20"
327,1,8.35779585409909,-2.67553936690092,20,303,"2018-10-10T08:26:26"
323,1,8.34715330973268,-2.81426246277988,4,332,"2018-10-05T14:41:21"
1041,1,9.10116790328175,-4.75239224731922,50,386,"2018-09-30T16:53:51"
599,1,6.2590479,-6.3587497,22,245,"2018-09-28T10:09:13"
465,1,7.4286478,-6.0544332,25,248,"2018-09-28T16:33:57"
479,1,5.9610619,-3.1750028,22,238,"2018-09-28T09:26:13"
451,1,6.564961,-5.591127,37,170,"2018-09-28T10:08:32"
929,1,7.2378856,-4.3169328,25,177,"2018-09-29T07:42:09"
187,1,7.6650635,-5.0662659,21,414,"2018-09-30T15:30:48"
391,1,9.5956827,-7.0692177,15,629,"2018-09-29T12:14:28"
145,1,9.4755068,-5.6473848,21,393,"2018-09-27T18:23:17"
453,1,6.6123315,-5.9083518,17,305,"2018-09-29T17:13:51"
11,1,5.3072385,-3.9749248,14,24,"2018-10-01T16:31:21"
1011,1,6.1729335,-6.6613958,20,193,"2018-09-29T09:11:00"
533,1,5.8376455,-5.4413621,14,177,"2018-09-28T09:44:21"
863,1,7.1378882,-7.1811859,25,302,"2018-09-30T11:54:28"
281,1,6.7822874,-8.3111911,42,293,"2018-09-27T12:06:14"
793,1,10.2452427,-6.6789626,31,403,"2018-09-28T08:32:27"
851,1,5.1914181,-5.4502045,23,110,"2018-10-01T15:44:50"
